name,price
Мюли TENDANCE (натуральная замша/натуральный мех),5 360
Мюли TENDANCE (натуральная замша/натуральный мех),5 360
Казаки TENDANCE (натуральная кожа/текстиль),10 430
Казаки TENDANCE (натуральная кожа/текстиль),10 430
Казаки TENDANCE (натуральная кожа/текстиль),10 430
Казаки TENDANCE (натуральная кожа/текстиль),10 430
Казаки TENDANCE (натуральная кожа/текстиль),7 460
Казаки TENDANCE (натуральная кожа/текстиль),7 460
Казаки TENDANCE (натуральная кожа/текстиль),7 460
Казаки TENDANCE (натуральная кожа/текстиль),7 460
Казаки TENDANCE (натуральная кожа/текстиль),7 460
Казаки TENDANCE (натуральная кожа/металл),11 270
Казаки TENDANCE (натуральная кожа/металл),11 270
Казаки TENDANCE (натуральная кожа/металл),11 270
Казаки TENDANCE (натуральная кожа),10 570
Казаки TENDANCE (натуральная кожа),10 570
Казаки TENDANCE (натуральная кожа),10 570
Казаки TENDANCE (натуральная кожа),10 510
Казаки TENDANCE (натуральная кожа),7 900
Казаки TENDANCE (натуральная кожа),8 400
Казаки TENDANCE (натуральная кожа),10 510
Казаки TENDANCE (натуральная кожа),7 900
Казаки TENDANCE (натуральная кожа),8 400
Казаки TENDANCE (натуральная кожа),10 510
Казаки TENDANCE (натуральная кожа),7 900
Казаки TENDANCE (натуральная кожа),8 400
Казаки TENDANCE (натуральная кожа),10 510
Казаки TENDANCE (натуральная кожа),7 900
Казаки TENDANCE (натуральная кожа),8 400
Казаки TENDANCE (натуральная кожа),7 800
Казаки TENDANCE (натуральная кожа),7 740
Казаки TENDANCE (натуральная кожа),7 920
Казаки TENDANCE (натуральная кожа),15 120
Казаки TENDANCE (натуральная кожа),7 800
Казаки TENDANCE (натуральная кожа),7 740
Казаки TENDANCE (натуральная кожа),7 920
Казаки TENDANCE (натуральная кожа),15 120
Казаки TENDANCE (натуральная кожа),7 800
Казаки TENDANCE (натуральная кожа),7 740
Казаки TENDANCE (натуральная кожа),7 920
Казаки TENDANCE (натуральная кожа),15 120
Казаки TENDANCE (натуральная кожа),7 800
Казаки TENDANCE (натуральная кожа),7 740
Казаки TENDANCE (натуральная кожа),7 920
Казаки TENDANCE (натуральная кожа),15 120
Казаки TENDANCE (натуральная кожа),7 800
Казаки TENDANCE (натуральная кожа),7 740
Казаки TENDANCE (натуральная кожа),7 920
Казаки TENDANCE (натуральная кожа),15 120
Казаки TENDANCE (натуральная замша/металл),10 960
Казаки TENDANCE (натуральная замша/металл),10 960
Казаки TENDANCE (натуральная замша/металл),10 960
Казаки TENDANCE (натуральная замша/металл),10 960
Казаки TENDANCE (натуральная замша),6 360
Казаки TENDANCE (натуральная замша),10 120
Казаки TENDANCE (натуральная замша),6 360
Казаки TENDANCE (натуральная замша),10 120
Казаки TENDANCE (натуральная замша),6 360
Казаки TENDANCE (натуральная замша),10 120
Казаки TENDANCE (натуральная замша),6 360
Казаки TENDANCE (натуральная замша),10 120
Казаки TENDANCE (натуральная замша),6 360
Казаки TENDANCE (натуральная замша),10 120
Казаки OFFICINE CREATIVE (верх и подошва из натуральной кожи),40 650
Казаки OFFICINE CREATIVE (верх и подошва из натуральной кожи),42 260
Казаки OFFICINE CREATIVE (верх и подошва из натуральной кожи),43 260
Казаки OFFICINE CREATIVE (верх и подошва из натуральной кожи),40 650
Казаки OFFICINE CREATIVE (верх и подошва из натуральной кожи),42 260
Казаки OFFICINE CREATIVE (верх и подошва из натуральной кожи),43 260
Казаки OFFICINE CREATIVE (верх и подошва из натуральной кожи),40 650
Казаки OFFICINE CREATIVE (верх и подошва из натуральной кожи),42 260
Казаки OFFICINE CREATIVE (верх и подошва из натуральной кожи),43 260
Казаки OFFICINE CREATIVE (верх и подошва из натуральной кожи),40 650
Казаки OFFICINE CREATIVE (верх и подошва из натуральной кожи),42 260
Казаки OFFICINE CREATIVE (верх и подошва из натуральной кожи),43 260
Казаки OFFICINE CREATIVE (верх и подошва из натуральной кожи),40 650
Казаки OFFICINE CREATIVE (верх и подошва из натуральной кожи),42 260
Казаки OFFICINE CREATIVE (верх и подошва из натуральной кожи),43 260
Женские шлепанцы TENDANCE (натуральный мех/натуральная кожа),5 270
Женские шлепанцы TENDANCE (натуральный мех/натуральная кожа),5 270
Женские шлепанцы TENDANCE (натуральный мех/натуральная кожа),5 270
Женские шлепанцы TENDANCE (натуральный мех/натуральная кожа),5 270
Женские шлепанцы TENDANCE (натуральная замша/натуральный мех),4 200
Женские шлепанцы TENDANCE (натуральная замша/натуральный мех),4 200
Женские шлепанцы TENDANCE (натуральная замша/натуральный мех),4 200
Женские челси TENDANCE (натуральная кожа/текстиль),5 970
Женские челси TENDANCE (натуральная кожа/текстиль),5 970
Женские челси TENDANCE (натуральная кожа/текстиль),5 970
Женские челси OFFICINE CREATIVE (натуральная кожа/текстиль),36 630
Женские челси OFFICINE CREATIVE (натуральная кожа/текстиль),36 630
Женские челси OFFICINE CREATIVE (натуральная кожа/текстиль),36 630
Женские челси OFFICINE CREATIVE (натуральная кожа/текстиль),36 630
Женские челси OFFICINE CREATIVE (натуральная кожа/текстиль),36 630
Женские челси LR LORETTINI (натуральный нубук/текстиль),9 600
Женские челси LR LORETTINI (натуральный нубук/текстиль),9 600
Женские челси LR LORETTINI (натуральная замша/текстиль),10 200
Женские челси LR LORETTINI (натуральная замша/текстиль),10 200
Женские угги UGG (натуральная замша дубльфас),14 040
Женские угги TENDANCE (натуральный мех/нейлон),9 780
Женские угги TENDANCE (натуральный мех/нейлон),9 780
Женские угги TENDANCE (натуральный мех/нейлон),9 780
Женские угги TENDANCE (натуральный мех/натуральная кожа),7 540
Женские угги TENDANCE (натуральный мех/натуральная кожа),8 030
Женские угги TENDANCE (натуральный мех/натуральная кожа),8 030
Женские угги TENDANCE (натуральный мех/натуральная кожа),8 030
Женские угги TENDANCE (натуральная кожа дубльфас),7 930
Женские угги TENDANCE (натуральная кожа дубльфас),7 930
Женские угги TENDANCE (натуральная кожа дубльфас),6 660
Женские угги TENDANCE (натуральная кожа дубльфас),6 660
Женские угги TENDANCE (натуральная кожа дубльфас),6 660
Женские угги TENDANCE (натуральная замша/текстиль),11 730
Женские угги TENDANCE (натуральная замша/текстиль),11 730
Женские угги TENDANCE (натуральная замша/текстиль),11 730
Женские угги TENDANCE (натуральная замша/текстиль),7 080
Женские угги TENDANCE (натуральная замша/текстиль),7 080
Женские угги TENDANCE (натуральная замша/текстиль),7 080
Женские угги TENDANCE (натуральная замша/текстиль),7 080
Женские угги TENDANCE (натуральная замша/текстиль),7 080
Женские угги TENDANCE (натуральная замша/натуральный мех),3 920
Женские угги TENDANCE (натуральная замша/натуральный мех),3 840
Женские угги TENDANCE (натуральная замша/натуральный мех),3 610
Женские угги TENDANCE (натуральная замша/натуральный мех),5 690
Женские угги TENDANCE (натуральная замша/натуральный мех),4 720
Женские угги TENDANCE (натуральная замша/натуральный мех),5 690
Женские угги TENDANCE (натуральная замша/натуральный мех),4 720
Женские угги TENDANCE (натуральная замша/натуральный мех),5 820
Женские угги TENDANCE (натуральная замша/натуральный мех),5 820
Женские угги TENDANCE (натуральная замша/натуральный мех),5 820
Женские угги TENDANCE (натуральная замша/натуральный мех),5 700
Женские угги TENDANCE (натуральная замша/натуральный мех),8 820
Женские угги TENDANCE (натуральная замша/натуральный мех),5 210
Женские угги TENDANCE (натуральная замша/натуральный мех),5 700
Женские угги TENDANCE (натуральная замша/натуральный мех),8 820
Женские угги TENDANCE (натуральная замша/натуральный мех),5 210
Женские угги TENDANCE (натуральная замша/натуральный мех),5 700
Женские угги TENDANCE (натуральная замша/натуральный мех),8 820
Женские угги TENDANCE (натуральная замша/натуральный мех),5 210
Женские угги TENDANCE (натуральная замша/натуральный мех),5 700
Женские угги TENDANCE (натуральная замша/натуральный мех),8 820
Женские угги TENDANCE (натуральная замша/натуральный мех),5 210
Женские угги TENDANCE (натуральная замша/натуральная кожа),7 950
Женские угги TENDANCE (натуральная замша/натуральная кожа),7 950
Женские угги TENDANCE (натуральная замша/натуральная кожа),7 950
Женские угги TENDANCE (натуральная замша/натуральная кожа),7 950
Женские угги TENDANCE (натуральная замша/натуральная кожа),7 950
Женские угги TENDANCE (натуральная замша),4 320
Женские угги TENDANCE (натуральная замша),4 280
Женские угги TENDANCE (натуральная замша),6 180
Женские угги TENDANCE (натуральная замша),7 160
Женские угги TENDANCE (натуральная замша),6 950
Женские угги TENDANCE (натуральная замша),5 570
Женские угги TENDANCE (натуральная замша),4 320
Женские угги TENDANCE (натуральная замша),7 420
Женские угги TENDANCE (натуральная замша),4 320
Женские угги TENDANCE (натуральная замша),4 320
Женские угги TENDANCE (натуральная замша),4 280
Женские угги TENDANCE (натуральная замша),4 280
Женские угги TENDANCE (натуральная замша),6 610
Женские угги TENDANCE (натуральная замша),5 120
Женские угги TENDANCE (натуральная замша),6 610
Женские угги TENDANCE (натуральная замша),5 120
Женские угги TENDANCE (натуральная замша),6 610
Женские угги TENDANCE (натуральная замша),5 120
Женские угги TENDANCE (натуральная замша дубльфас),6 450
Женские угги TENDANCE (натуральная замша дубльфас),6 450
Женские угги TENDANCE (кожа-дубльфас/натуральная кожа),9 810
Женские угги TENDANCE (кожа-дубльфас/натуральная кожа),9 810
Женские угги TENDANCE (кожа-дубльфас/натуральная кожа),9 810
Женские угги TENDANCE (замша-дубльфас/натуральная кожа),5 530
Женские угги TENDANCE (замша-дубльфас/натуральная кожа),6 450
Женские угги TENDANCE (замша-дубльфас/натуральная кожа),7 810
Женские угги TENDANCE (замша-дубльфас/натуральная кожа),4 880
Женские угги TENDANCE (замша-дубльфас/натуральная кожа),7 810
Женские угги TENDANCE (замша-дубльфас/натуральная кожа),4 880
Женские угги TENDANCE (замша-дубльфас/натуральная кожа),4 940
Женские угги TENDANCE (замша-дубльфас/натуральная кожа),4 940
Женские угги TENDANCE (замша-дубльфас/натуральная кожа),4 970
Женские угги TENDANCE (замша-дубльфас/натуральная кожа),7 530
Женские угги TENDANCE (замша-дубльфас/натуральная кожа),4 940
Женские угги TENDANCE (замша-дубльфас/натуральная кожа),4 940
Женские угги TENDANCE (замша-дубльфас/натуральная кожа),4 970
Женские угги TENDANCE (замша-дубльфас/натуральная кожа),7 530
Женские угги TENDANCE (замша-дубльфас/натуральная кожа),4 940
Женские угги TENDANCE (замша-дубльфас/натуральная кожа),4 940
Женские угги TENDANCE (замша-дубльфас/натуральная кожа),4 970
Женские угги TENDANCE (замша-дубльфас/натуральная кожа),7 530
Женские угги TENDANCE (замша-дубльфас/натуральная кожа),8 320
Женские угги TENDANCE (замша-дубльфас/натуральная кожа),8 320
Женские угги TENDANCE (замша-дубльфас/натуральная кожа),8 320
Женские угги TENDANCE (замша-дубльфас/натуральная кожа),8 320
Женские угги MAISON DAVID (натуральная кожа),7 630
Женские угги MAISON DAVID (натуральная кожа),9 970
Женские угги MAISON DAVID (натуральная замша),7 550
Женские угги LIU∙JO (натуральная замша),8 240
Женские угги LIU∙JO (натуральная замша),8 240
Женские угги LIU∙JO (натуральная замша),8 240
Женские угги LIU∙JO (натуральная замша),10 100
Женские угги LIU∙JO (натуральная замша),10 100
Женские угги LIU∙JO (натуральная замша),10 100
Женские угги LIU∙JO (натуральная замша),10 100
Женские туфли MAISON DAVID (натуральная кожа),8 360
Женские туфли MAISON DAVID (натуральная кожа),8 360
Женские туфли GIOVANNI FABIANI TREND (иск. мех/натуральная замша),15 910
Женские туфли GIOVANNI FABIANI TREND (иск. мех/натуральная замша),15 910
Женские туфли GIOVANNI FABIANI TREND (иск. мех/натуральная замша),15 910
Женские туфли GIOVANNI FABIANI TREND (иск. мех/натуральная замша),15 910
Женские сапоги TENDANCE (натуральная кожа),15 530
Женские сапоги TENDANCE (натуральная кожа),15 530
Женские сапоги TENDANCE (натуральная кожа),15 530
Женские сапоги TENDANCE (натуральная кожа),17 840
Женские сапоги TENDANCE (натуральная кожа),17 320
Женские сапоги TENDANCE (натуральная кожа),17 840
Женские сапоги TENDANCE (натуральная кожа),17 320
Женские сапоги TENDANCE (натуральная кожа),17 840
Женские сапоги TENDANCE (натуральная кожа),17 320
Женские сапоги TENDANCE (натуральная кожа),17 840
Женские сапоги TENDANCE (натуральная кожа),17 320
Женские сапоги TENDANCE (натуральная кожа),18 990
Женские сапоги TENDANCE (натуральная кожа),14 740
Женские сапоги TENDANCE (натуральная кожа),18 990
Женские сапоги TENDANCE (натуральная кожа),14 740
Женские сапоги TENDANCE (натуральная кожа),18 990
Женские сапоги TENDANCE (натуральная кожа),14 740
Женские сапоги TENDANCE (натуральная кожа),18 990
Женские сапоги TENDANCE (натуральная кожа),14 740
Женские сапоги TENDANCE (натуральная кожа),18 990
Женские сапоги TENDANCE (натуральная кожа),14 740
Женские сапоги LORIBLU (верх и подошва из натуральной кожи),28 080
Женские сапоги LORIBLU (верх и подошва из натуральной кожи),28 080
Женские сапоги LORIBLU (верх и подошва из натуральной кожи),28 080
Женские сапоги LORIBLU (верх и подошва из натуральной кожи),28 080
Женские сандалии TENDANCE (натуральная замша/натуральный мех),4 500
Женские сандалии TENDANCE (натуральная замша/натуральный мех),4 500
Женские сандалии TENDANCE (натуральная замша),4 660
Женские сандалии TENDANCE (натуральная замша),4 660
Женские сандалии TENDANCE (замша-дубльфас/натуральный мех),4 240
Женские сандалии TENDANCE (замша-дубльфас/натуральный мех),4 240
Женские сандалии TENDANCE (замша-дубльфас/натуральный мех),4 240
Женские полусапоги TENDANCE (натуральная кожа),9 220
Женские полусапоги TENDANCE (натуральная кожа),9 220
Женские полусапоги TENDANCE (натуральная кожа),9 220
Женские полусапоги TENDANCE (натуральная кожа),9 220
Женские полусапоги TENDANCE (натуральная кожа),9 160
Женские полусапоги TENDANCE (натуральная кожа),7 170
Женские полусапоги TENDANCE (натуральная кожа),14 540
Женские полусапоги TENDANCE (натуральная кожа),9 160
Женские полусапоги TENDANCE (натуральная кожа),7 170
Женские полусапоги TENDANCE (натуральная кожа),14 540
Женские полусапоги TENDANCE (натуральная кожа),9 160
Женские полусапоги TENDANCE (натуральная кожа),7 170
Женские полусапоги TENDANCE (натуральная кожа),14 540
Женские полусапоги TENDANCE (натуральная кожа),9 160
Женские полусапоги TENDANCE (натуральная кожа),7 170
Женские полусапоги TENDANCE (натуральная кожа),14 540
Женские полусапоги TENDANCE (натуральная кожа),9 160
Женские полусапоги TENDANCE (натуральная кожа),7 170
Женские полусапоги TENDANCE (натуральная кожа),14 540
Женские полусапоги TENDANCE (натуральная замша),11 630
Женские полусапоги TENDANCE (натуральная замша),11 630
Женские полусапоги TENDANCE (натуральная замша),11 630
Женские полусапоги TENDANCE (натуральная замша),11 630
Женские полусапоги TENDANCE (натуральная замша),11 630
Женские полусапоги LR LORETTINI (натуральная кожа/текстиль),10 800
Женские полусапоги LR LORETTINI (натуральная кожа/текстиль),10 800
Женские полусапоги LR LORETTINI (натуральная кожа/текстиль),10 800
Женские полусапоги LR LORETTINI (натуральная кожа/текстиль),10 800
Женские полусапоги LR LORETTINI (натуральная кожа),11 400
Женские полусапоги LR LORETTINI (натуральная кожа),11 400
Женские полусапоги LR LORETTINI (натуральная кожа),11 400
Женские полусапоги LR LORETTINI (натуральная кожа),11 400
Женские полуботинки MAISON DAVID (натуральная кожа/натуральный мех),7 600
Женские полуботинки MAISON DAVID (натуральная кожа),10 630
Женские полуботинки MAISON DAVID (натуральная кожа),10 630
Женские лоферы GIOVANNI FABIANI TREND (иск. мех/натуральная замша),15 210
Женские лоферы GIOVANNI FABIANI TREND (иск. мех/натуральная замша),15 210
Женские лоферы GIOVANNI FABIANI TREND (иск. мех/натуральная замша),15 210
Женские лоферы GIOVANNI FABIANI TREND (иск. мех/натуральная замша),15 210
Женские кроссовки TENDANCE (натуральная замша/натуральный мех),5 940
Женские кроссовки TENDANCE (натуральная замша/натуральный мех),5 940
Женские кроссовки MAISON DAVID (натуральный нубук/натуральная кожа),5 340
Женские кроссовки MAISON DAVID (натуральный нубук/натуральная кожа),5 340
Женские кроссовки MAISON DAVID (натуральный нубук/натуральная кожа),5 340
Женские кроссовки MAISON DAVID (натуральный нубук),7 030
Женские кроссовки MAISON DAVID (натуральный нубук),7 030
Женские кроссовки MAISON DAVID (натуральный нубук),7 030
Женские кроссовки MAISON DAVID (натуральный нубук),7 030
Женские кроссовки MAISON DAVID (натуральный нубук),7 030
Женские кроссовки MAISON DAVID (натуральная кожа/натуральный мех),8 380
Женские кроссовки MAISON DAVID (натуральная кожа),6 130
Женские кроссовки MAISON DAVID (натуральная кожа),8 380
Женские кроссовки MAISON DAVID (натуральная кожа),11 730
Женские кроссовки MAISON DAVID (натуральная кожа),11 730
Женские кроссовки MAISON DAVID (натуральная кожа),6 090
Женские кроссовки MAISON DAVID (натуральная кожа),6 720
Женские кроссовки MAISON DAVID (натуральная кожа),6 090
Женские кроссовки MAISON DAVID (натуральная кожа),6 720
Женские кроссовки MAISON DAVID (натуральная кожа),6 090
Женские кроссовки MAISON DAVID (натуральная кожа),6 720
Женские кроссовки MAISON DAVID (натуральная кожа),6 490
Женские кроссовки MAISON DAVID (натуральная кожа),6 490
Женские кроссовки MAISON DAVID (натуральная кожа),6 490
Женские кроссовки MAISON DAVID (натуральная кожа),6 490
Женские кроссовки MAISON DAVID (натуральная кожа),3 600
Женские кроссовки MAISON DAVID (натуральная кожа),5 010
Женские кроссовки MAISON DAVID (натуральная кожа),3 600
Женские кроссовки MAISON DAVID (натуральная кожа),5 010
Женские кроссовки MAISON DAVID (натуральная кожа),3 600
Женские кроссовки MAISON DAVID (натуральная кожа),5 010
Женские кроссовки MAISON DAVID (натуральная кожа),3 600
Женские кроссовки MAISON DAVID (натуральная кожа),5 010
Женские кроссовки MAISON DAVID (натуральная кожа),3 600
Женские кроссовки MAISON DAVID (натуральная кожа),5 010
Женские кроссовки LIU∙JO (текстиль/натуральная замша),12 400
Женские кроссовки LIU∙JO (текстиль/натуральная замша),12 400
Женские кроссовки LIU∙JO (текстиль/натуральная замша),12 400
Женские кеды TENDANCE (натуральная кожа/текстиль),7 410
Женские кеды TENDANCE (натуральная кожа/текстиль),7 410
Женские кеды MAISON DAVID (натуральная кожа/подошва из натурального каучука),9 680
Женские кеды MAISON DAVID (натуральная кожа/подошва из натурального каучука),9 680
Женские кеды MAISON DAVID (натуральная кожа/натуральный мех),7 370
Женские кеды MAISON DAVID (натуральная кожа),7 280
Женские кеды LIU∙JO (натуральная замша/иск. кожа),13 500
Женские кеды LIU∙JO (натуральная замша/иск. кожа),13 500
Женские кеды LIU∙JO (натуральная замша/иск. кожа),13 500
Женские кеды CASADEI (натуральная замша/иск. замша),45 210
Женские кеды CASADEI (натуральная замша/иск. замша),45 210
Женские кеды CASADEI (натуральная замша/иск. замша),45 210
Женские кеды CASADEI (натуральная замша/иск. замша),45 210
Женские кеды CASADEI (натуральная замша/иск. замша),45 210
Женские дутики TENDANCE (текстиль/иск. замша),6 730
Женские дутики TENDANCE (текстиль/иск. замша),6 730
Женские дутики TENDANCE (текстиль/иск. замша),6 730
Женские дутики TENDANCE (текстиль/иск. замша),6 730
Женские дутики TENDANCE (текстиль/иск. замша),6 730
Женские дутики TENDANCE (прорезиненный текстиль waterproof),6 490
Женские дутики TENDANCE (войлок/натуральная кожа),6 010
Женские дутики TENDANCE (войлок/натуральная кожа),6 010
Женские дутики TENDANCE (войлок/натуральная кожа),6 010
Женские дутики TENDANCE (водостойкий текстиль/натуральная кожа),8 310
Женские дутики TENDANCE (водостойкий текстиль/натуральная кожа),5 970
Женские дутики TENDANCE (водостойкий текстиль/натуральная кожа),5 970
Женские дутики TENDANCE (водостойкий текстиль/натуральная кожа),5 110
Женские дутики TENDANCE (водостойкий текстиль/натуральная кожа),5 970
Женские дутики TENDANCE (водостойкий текстиль/натуральная кожа),7 710
Женские дутики TENDANCE (водостойкий текстиль/натуральная кожа),6 930
Женские дутики TENDANCE (водостойкий текстиль/натуральная кожа),7 050
Женские дутики TENDANCE (водостойкий текстиль/натуральная кожа),12 620
Женские дутики TENDANCE (водостойкий текстиль/натуральная кожа),7 050
Женские дутики TENDANCE (водостойкий текстиль/натуральная кожа),12 620
Женские дутики TENDANCE (водостойкий текстиль/натуральная кожа),7 050
Женские дутики TENDANCE (водостойкий текстиль/натуральная кожа),12 620
Женские дутики TENDANCE (водостойкий текстиль),5 700
Женские дутики TENDANCE (водостойкий текстиль),5 700
Женские дутики TENDANCE (водостойкий текстиль),5 700
Женские дутики MAISON DAVID (прорезиненный текстиль waterproof),8 840
Женские дутики MAISON DAVID (прорезиненный текстиль waterproof),8 840
Женские дутики MAISON DAVID (прорезиненный текстиль waterproof),8 840
Женские дутики MAISON DAVID (водостойкий текстиль/натуральная кожа),8 180
Женские дутики MAISON DAVID (водостойкий текстиль/натуральная кожа),10 540
Женские дутики MAISON DAVID (водостойкий текстиль/натуральная кожа),8 180
Женские дутики MAISON DAVID (водостойкий текстиль/натуральная кожа),10 540
Женские дутики LR LORETTINI (текстиль/иск. кожа),4 800
Женские дутики LR LORETTINI (текстиль/иск. кожа),4 800
Женские дутики LR LORETTINI (текстиль/иск. кожа),4 800
Женские дутики LR LORETTINI (текстиль/иск. кожа),4 800
Женские дутики LR LORETTINI (текстиль),3 600
Женские дутики LR LORETTINI (текстиль),4 200
Женские дутики LR LORETTINI (текстиль),6 000
Женские дутики LR LORETTINI (текстиль),4 200
Женские дутики LR LORETTINI (текстиль),6 000
Женские дутики LR LORETTINI (текстиль),4 200
Женские дутики LR LORETTINI (текстиль),4 200
Женские дутики LR LORETTINI (текстиль),4 200
Женские дутики LR LORETTINI (текстиль),4 200
Женские дутики FILA (текстиль/иск. кожа),6 300
Женские дутики FILA (текстиль/иск. кожа),6 300
Женские дутики FILA (текстиль/иск. кожа),6 300
Женские высокие лоферы TENDANCE (натуральная замша/текстиль),6 130
Женские высокие лоферы TENDANCE (натуральная замша/текстиль),6 130
Женские высокие лоферы TENDANCE (натуральная замша),8 100
Женские высокие лоферы TENDANCE (натуральная замша),8 100
Женские высокие лоферы LR LORETTINI (натуральная замша),9 000
Женские высокие лоферы LR LORETTINI (натуральная замша),7 800
Женские высокие лоферы LR LORETTINI (натуральная замша),9 000
Женские высокие лоферы LR LORETTINI (натуральная замша),7 800
Женские высокие лоферы ASH (натуральная замша),14 000
Женские высокие лоферы ASH (натуральная замша),14 000
Женские высокие лоферы ASH (натуральная замша),14 000
Женские высокие кроссовки TENDANCE (водостойкий текстиль/натуральная замша),6 340
Женские высокие кроссовки TENDANCE (водостойкий текстиль/натуральная замша),6 340
Женские высокие кроссовки MAISON DAVID (натуральный нубук),8 670
Женские высокие кроссовки MAISON DAVID (натуральный нубук),8 670
Женские высокие кроссовки MAISON DAVID (натуральный нубук),8 670
Женские высокие кроссовки MAISON DAVID (натуральный нубук),8 670
Женские высокие кроссовки MAISON DAVID (натуральная кожа),18 340
Женские высокие кроссовки MAISON DAVID (натуральная кожа),5 280
Женские высокие кроссовки MAISON DAVID (натуральная кожа),5 970
Женские высокие кроссовки MAISON DAVID (натуральная кожа),5 280
Женские высокие кроссовки MAISON DAVID (натуральная кожа),5 970
Женские высокие кроссовки MAISON DAVID (натуральная кожа),5 280
Женские высокие кроссовки MAISON DAVID (натуральная кожа),5 970
Женские высокие кеды TENDANCE (экокожа),4 480
Женские высокие кеды TENDANCE (экокожа),4 480
Женские высокие кеды TENDANCE (экокожа),4 480
Женские высокие кеды TENDANCE (натуральная кожа/натуральная замша),6 540
Женские высокие кеды TENDANCE (натуральная кожа/натуральная замша),6 540
Женские высокие кеды TENDANCE (натуральная кожа/натуральная замша),6 540
Женские высокие кеды TENDANCE (натуральная кожа/натуральная замша),6 540
Женские высокие кеды TENDANCE (натуральная кожа/натуральная замша),6 540
Женские высокие кеды TENDANCE (натуральная кожа),7 810
Женские высокие кеды TENDANCE (натуральная кожа),7 810
Женские высокие кеды LR LORETTINI (натуральная замша/натуральная кожа),4 800
Женские высокие кеды LR LORETTINI (натуральная замша/натуральная кожа),4 800
Женские ботинки TENDANCE (натуральная кожа/резина),6 380
Женские ботинки TENDANCE (натуральная кожа/резина),6 380
Женские ботинки TENDANCE (натуральная кожа/резина),6 380
Женские ботинки TENDANCE (натуральная кожа/резина),6 380
Женские ботинки TENDANCE (натуральная кожа/резина),6 380
Женские ботинки TENDANCE (натуральная кожа),11 730
Женские ботинки TENDANCE (натуральная кожа),8 150
Женские ботинки TENDANCE (натуральная кожа),8 480
Женские ботинки TENDANCE (натуральная кожа),11 730
Женские ботинки TENDANCE (натуральная кожа),8 150
Женские ботинки TENDANCE (натуральная кожа),8 480
Женские ботинки TENDANCE (натуральная кожа),11 730
Женские ботинки TENDANCE (натуральная кожа),8 150
Женские ботинки TENDANCE (натуральная кожа),8 480
Женские ботинки TENDANCE (натуральная кожа),11 730
Женские ботинки TENDANCE (натуральная кожа),8 150
Женские ботинки TENDANCE (натуральная кожа),8 480
Женские ботинки TENDANCE (натуральная кожа),11 730
Женские ботинки TENDANCE (натуральная кожа),8 150
Женские ботинки TENDANCE (натуральная кожа),8 480
Женские ботинки TENDANCE (натуральная замша/натуральная кожа),8 100
Женские ботинки TENDANCE (натуральная замша/натуральная кожа),6 960
Женские ботинки TENDANCE (натуральная замша/натуральная кожа),8 100
Женские ботинки TENDANCE (натуральная замша/натуральная кожа),6 960
Женские ботинки TENDANCE (натуральная замша/натуральная кожа),8 100
Женские ботинки TENDANCE (натуральная замша/натуральная кожа),6 960
Женские ботинки TENDANCE (натуральная замша/натуральная кожа),8 100
Женские ботинки TENDANCE (натуральная замша/натуральная кожа),6 960
Женские ботинки TENDANCE (натуральная замша),3 930
Женские ботинки TENDANCE (натуральная замша),6 990
Женские ботинки TENDANCE (натуральная замша),6 990
Женские ботинки TENDANCE (натуральная замша),6 990
Женские ботинки TENDANCE (иск. мех/натуральная кожа),6 070
Женские ботинки TENDANCE (иск. мех/натуральная кожа),6 070
Женские ботинки TENDANCE (замша-дубльфас/натуральная кожа),5 580
Женские ботинки TENDANCE (замша-дубльфас/натуральная кожа),5 580
Женские ботинки OFFICINE CREATIVE (натуральная кожа),34 010
Женские ботинки OFFICINE CREATIVE (натуральная кожа),36 220
Женские ботинки OFFICINE CREATIVE (натуральная кожа),34 010
Женские ботинки OFFICINE CREATIVE (натуральная кожа),36 220
Женские ботинки OFFICINE CREATIVE (натуральная кожа),34 010
Женские ботинки OFFICINE CREATIVE (натуральная кожа),36 220
Женские ботинки OFFICINE CREATIVE (натуральная кожа),34 010
Женские ботинки OFFICINE CREATIVE (натуральная кожа),36 220
Женские ботинки OFFICINE CREATIVE (натуральная кожа),34 010
Женские ботинки OFFICINE CREATIVE (натуральная кожа),36 220
Женские ботинки MAISON DAVID (натуральная кожа/натуральный мех),8 940
Женские ботинки MAISON DAVID (натуральная кожа),11 190
Женские ботинки MAISON DAVID (натуральная кожа),6 130
Женские ботинки MAISON DAVID (натуральная кожа),11 190
Женские ботинки MAISON DAVID (натуральная кожа),6 130
Женские ботинки MAISON DAVID (натуральная кожа),11 190
Женские ботинки MAISON DAVID (натуральная кожа),6 130
Женские ботинки LR LORETTINI (натуральный нубук),9 000
Женские ботинки LR LORETTINI (натуральный нубук),10 200
Женские ботинки LR LORETTINI (натуральный нубук),10 200
Женские ботинки LR LORETTINI (натуральный нубук),9 000
Женские ботинки LR LORETTINI (натуральный нубук),10 200
Женские ботинки LR LORETTINI (натуральный нубук),10 200
Женские ботинки LR LORETTINI (натуральный нубук),9 000
Женские ботинки LR LORETTINI (натуральный нубук),9 000
Женские ботинки LR LORETTINI (натуральный нубук),9 000
Женские ботинки LR LORETTINI (натуральный нубук),9 000
Женские ботинки LR LORETTINI (натуральный нубук),10 200
Женские ботинки LR LORETTINI (натуральный нубук),10 200
Женские ботинки LR LORETTINI (натуральный нубук),10 200
Женские ботинки LR LORETTINI (натуральный нубук),10 200
Женские ботинки LR LORETTINI (натуральный нубук),10 200
Женские ботинки LR LORETTINI (натуральная кожа/текстиль),10 200
Женские ботинки LR LORETTINI (натуральная кожа/текстиль),10 200
Женские ботинки LR LORETTINI (натуральная кожа/текстиль),10 200
Женские ботинки LR LORETTINI (натуральная кожа/текстиль),10 200
Женские ботинки LR LORETTINI (натуральная кожа/резина),9 000
Женские ботинки LR LORETTINI (натуральная кожа/резина),9 000
Женские ботинки LR LORETTINI (натуральная кожа/резина),9 000
Женские ботинки LR LORETTINI (натуральная кожа),10 800
Женские ботинки LR LORETTINI (натуральная кожа),10 800
Женские ботинки LR LORETTINI (натуральная кожа),10 800
Женские ботинки LR LORETTINI (натуральная кожа),9 600
Женские ботинки LR LORETTINI (натуральная кожа),10 200
Женские ботинки LR LORETTINI (натуральная кожа),10 800
Женские ботинки LR LORETTINI (натуральная кожа),11 400
Женские ботинки LR LORETTINI (натуральная кожа),9 600
Женские ботинки LR LORETTINI (натуральная кожа),10 200
Женские ботинки LR LORETTINI (натуральная кожа),10 800
Женские ботинки LR LORETTINI (натуральная кожа),11 400
Женские ботинки LR LORETTINI (натуральная кожа),9 600
Женские ботинки LR LORETTINI (натуральная кожа),10 200
Женские ботинки LR LORETTINI (натуральная кожа),10 800
Женские ботинки LR LORETTINI (натуральная кожа),11 400
Женские ботинки LR LORETTINI (натуральная кожа),9 600
Женские ботинки LR LORETTINI (натуральная кожа),10 200
Женские ботинки LR LORETTINI (натуральная кожа),10 800
Женские ботинки LR LORETTINI (натуральная кожа),11 400
Женские ботинки LR LORETTINI (натуральная кожа),9 000
Женские ботинки LR LORETTINI (натуральная кожа),9 000
Женские ботинки LR LORETTINI (натуральная кожа),9 000
Женские ботинки LR LORETTINI (натуральная кожа),9 000
Женские ботинки LR LORETTINI (натуральная кожа),9 000
Женские ботинки LR LORETTINI (натуральная замша/натуральная кожа),12 000
Женские ботинки LR LORETTINI (натуральная замша/натуральная кожа),12 000
Женские ботинки LR LORETTINI (натуральная замша),11 400
Женские ботинки LR LORETTINI (натуральная замша),11 400
Женские ботинки FURLA (натуральная замша),11 750
Женские ботинки FURLA (натуральная замша),11 750
Женские ботинки FURLA (натуральная замша),11 750
Женские ботинки FURLA (натуральная замша),11 750
Женские ботинки FURLA (натуральная замша),11 750
Высокие казаки TENDANCE (натуральная кожа/натуральная замша),14 130
Высокие казаки TENDANCE (натуральная кожа/натуральная замша),14 130
Высокие казаки TENDANCE (натуральная кожа/натуральная замша),14 130
Высокие казаки TENDANCE (натуральная кожа/натуральная замша),14 130
Высокие казаки TENDANCE (натуральная кожа/натуральная замша),14 130
Высокие казаки TENDANCE (натуральная кожа),18 210
Высокие казаки TENDANCE (натуральная кожа),18 210
Высокие казаки TENDANCE (натуральная кожа),18 210
Высокие казаки TENDANCE (натуральная кожа),18 210
Высокие казаки TENDANCE (натуральная замша),13 620
Высокие казаки TENDANCE (натуральная замша),13 620
Высокие казаки TENDANCE (натуральная замша),13 620
Высокие казаки TENDANCE (натуральная замша),10 710
Высокие казаки TENDANCE (натуральная замша),10 710
Высокие казаки TENDANCE (натуральная замша),10 710
Высокие казаки TENDANCE (натуральная замша),10 710
Высокие казаки TENDANCE (натуральная замша),10 710
Ботинки DR. MARTENS (натуральная кожа),17 010
Ботинки DR. MARTENS (натуральная кожа),17 010
Ботильоны TENDANCE (натуральная кожа),8 980
Ботильоны TENDANCE (натуральная кожа),7 730
Ботильоны TENDANCE (натуральная кожа),7 810
Ботильоны TENDANCE (натуральная кожа),8 980
Ботильоны TENDANCE (натуральная кожа),7 730
Ботильоны TENDANCE (натуральная кожа),7 810
Ботильоны TENDANCE (натуральная кожа),8 980
Ботильоны TENDANCE (натуральная кожа),7 730
Ботильоны TENDANCE (натуральная кожа),7 810
Ботильоны TENDANCE (натуральная кожа),8 980
Ботильоны TENDANCE (натуральная кожа),7 730
Ботильоны TENDANCE (натуральная кожа),7 810
Ботильоны TENDANCE (натуральная кожа),10 270
Ботильоны TENDANCE (натуральная кожа),12 860
Ботильоны TENDANCE (натуральная кожа),8 270
Ботильоны TENDANCE (натуральная кожа),10 270
Ботильоны TENDANCE (натуральная кожа),12 860
Ботильоны TENDANCE (натуральная кожа),8 270
Ботильоны TENDANCE (натуральная кожа),10 270
Ботильоны TENDANCE (натуральная кожа),12 860
Ботильоны TENDANCE (натуральная кожа),8 270
Ботильоны TENDANCE (натуральная кожа),10 270
Ботильоны TENDANCE (натуральная кожа),12 860
Ботильоны TENDANCE (натуральная кожа),8 270
Ботильоны TENDANCE (натуральная кожа),10 270
Ботильоны TENDANCE (натуральная кожа),12 860
Ботильоны TENDANCE (натуральная кожа),8 270
Ботильоны TENDANCE (натуральная замша),17 370
Ботильоны TENDANCE (натуральная замша),17 370
Ботильоны TENDANCE (натуральная замша),17 370
Ботильоны TENDANCE (натуральная замша),17 370
Ботильоны LR LORETTINI (натуральная кожа),15 600
Ботильоны LR LORETTINI (натуральная кожа),15 000
Ботильоны LR LORETTINI (натуральная кожа),15 600
Ботильоны LR LORETTINI (натуральная кожа),15 000
Ботильоны LR LORETTINI (натуральная кожа),15 600
Ботильоны LR LORETTINI (натуральная кожа),15 600
Ботильоны LR LORETTINI (натуральная кожа),15 600
Ботильоны LR LORETTINI (натуральная кожа),15 600
Ботильоны LR LORETTINI (натуральная замша),15 600
Ботильоны LR LORETTINI (натуральная замша),15 600
Ботильоны LR LORETTINI (натуральная замша),15 600
Ботильоны LR LORETTINI (натуральная замша),15 600
Ботильоны LR LORETTINI (натуральная замша),15 600
Ботильоны LORIBLU (натуральная замша/подошва из натуральной кожи),20 470
Ботильоны LORIBLU (натуральная замша/подошва из натуральной кожи),21 840
Ботильоны LORIBLU (натуральная замша/подошва из натуральной кожи),20 470
Ботильоны LORIBLU (натуральная замша/подошва из натуральной кожи),21 840
Ботильоны LORIBLU (натуральная замша/подошва из натуральной кожи),20 470
Ботильоны LORIBLU (натуральная замша/подошва из натуральной кожи),21 840
Ботильоны LORIBLU (натуральная замша/подошва из натуральной кожи),20 470
Ботильоны LORIBLU (натуральная замша/подошва из натуральной кожи),21 840
Ботильоны LORIBLU (натуральная замша/натуральная кожа),21 840
Ботильоны LORIBLU (натуральная замша/натуральная кожа),21 840
Ботильоны LORIBLU (натуральная замша/натуральная кожа),21 840
Ботильоны LORIBLU (натуральная замша/натуральная кожа),21 840
Ботильоны GIOVANNI FABIANI TREND (иск. мех/натуральная кожа),17 550
Ботильоны GIOVANNI FABIANI TREND (иск. мех/натуральная кожа),17 550
Ботильоны GIOVANNI FABIANI TREND (иск. мех/натуральная кожа),17 550
Ботильоны GIOVANNI FABIANI TREND (иск. мех/натуральная кожа),17 550
